Job ID,Job URL,Job Title,Company Name,Status,Timestamp,WP ID
07f642bdfb86dbf0,https://sb.linkedin.com/jobs/view/operations-officer-no-2-temporary-position-honiara-solomon-islands-364-days-%2300132407-at-unicef-4436384137,"Operations Officer, NO-2, Temporary Position, Honiara, Solomon Islands, 364 days, #00132407",UNICEF,posted,2026-07-07T01:16:14.276647,20
4be9774d716a88ef,https://sb.linkedin.com/jobs/view/mel-coordinator-solomon-islands-australia-partnership-for-governance-at-alinea-international-4435409867,MEL Coordinator (Solomon Islands Australia Partnership for Governance ),,scraped,2026-07-07T01:16:16.729303,
4d12845a5987780d,https://sb.linkedin.com/jobs/view/partnership-operations-and-compliance-officer-%E2%80%93-national-contract-strongim-bisnis-at-adam-smith-international-4425771424,Partnership Operations and Compliance Officer – National Contract (Strongim Bisnis),Adam Smith International,posted,2026-07-07T01:17:40.096171,22
ddf7ebe091e75d55,https://sb.linkedin.com/jobs/view/program-manager-security-studies-locally-engaged-staff-at-dt-global-4432337951,Program Manager - Security Studies (Locally Engaged Staff),,scraped,2026-07-07T01:17:42.820945,
6b1d09c0a09254c8,https://sb.linkedin.com/jobs/view/resident-engineer-at-egis-4436488611,Resident Engineer,,scraped,2026-07-07T01:19:17.963094,
063af67a3d9502a0,https://sb.linkedin.com/jobs/view/lecturer-in-security-studies-locally-engaged-personnel-at-dt-global-4435407237,Lecturer in Security Studies (Locally Engaged Personnel),,scraped,2026-07-07T01:19:25.869020,
be940984a8251065,https://sb.linkedin.com/jobs/view/facilitation-administrative-officer-at-palladium-make-it-possible-4427942837,Facilitation/Administrative Officer,,scraped,2026-07-07T01:21:27.363863,
9c07ba60ad538fa5,https://sb.linkedin.com/jobs/view/social-behavior-change-specialist-p-3-ta-364-days-%2300126520-fiji-pacific-islands-mcp-honiara-solomon-islands-eapr-at-unicef-4434654248,"Social & Behavior Change Specialist, P-3, TA (364 days), #00126520, Fiji (Pacific Islands) - MCP, Honiara, Solomon Islands - EAPR",UNICEF,posted,2026-07-07T01:22:49.392259,24
2d94c565c6d53b9a,https://sb.linkedin.com/jobs/view/sports-data-collector-football-honiara-solomon-islands-at-genius-sports-4384056817,"Sports Data Collector (Football) - Honiara, Solomon Islands",,scraped,2026-07-07T01:22:52.100674,
85b4f2107b16d790,https://sb.linkedin.com/jobs/view/mid-term-evaluation-consultant-honiara-at-save-the-children-australia-4436134484,Mid Term Evaluation Consultant - Honiara,,scraped,2026-07-07T01:22:58.248353,
65c9543874f72a89,https://sb.linkedin.com/jobs/view/resident-engineer-at-egis-4436483825,Resident Engineer,,scraped,2026-07-07T12:17:12.596505,
9f0981fb21978d3d,https://sb.linkedin.com/jobs/view/partnership-manager-multiple-roles-at-adam-smith-international-4311272222,Partnership Manager - Multiple Roles,,scraped,2026-07-07T12:17:26.346316,
67f489440132b697,https://sb.linkedin.com/jobs/view/national-project-officer-noa-solomon-islands-nationals-only-at-iom-un-migration-4437703899,"National Project Officer, NOA (Solomon Islands Nationals Only)",IOM - UN Migration,posted,2026-07-07T12:17:53.084244,26
d89f4991ae79bd41,https://sb.linkedin.com/jobs/view/office-cleaner-and-administration-support-at-dt-global-4437306330,Office Cleaner and Administration Support,DT Global,posted,2026-07-08T23:44:54.432957,38
81666a8e49ad2be5,https://sb.linkedin.com/jobs/view/program-officer-at-litehaus-international-4437353005,Program Officer,,scraped,2026-07-09T11:25:58.016806,
3abc2303e3257bcb,https://sb.linkedin.com/jobs/view/immunization-specialist-p-3-ft-%23137798-honiara-solomon-islands-fiji-pacific-islands-mcp-apr-at-unicef-4439311798,"Immunization Specialist, (P-3), FT, #137798, Honiara, Solomon Islands, Fiji (Pacific Islands - MCP), APR",UNICEF,posted,2026-07-10T23:33:03.525372,40
acfe5a5a7a8bfe19,https://sb.linkedin.com/jobs/view/sales-account-manager-at-satsol-4437256037,Sales Account Manager,,scraped,2026-07-13T11:45:03.506321,
9d5e6c4db3b21722,https://sb.linkedin.com/jobs/view/senior-bookkeeper-at-employment-hero-4440350386,Senior Bookkeeper,,scraped,2026-07-14T07:25:07.060779,
5a24498785846b9c,https://sb.linkedin.com/jobs/view/graphic-designer-at-cognition-education-4439848774,Graphic Designer,,scraped,2026-07-14T12:49:25.142968,
31a204deb29aab22,https://sb.linkedin.com/jobs/view/graphic-designer-at-cognition-learning-group-4439883036,Graphic Designer,,scraped,2026-07-14T17:49:27.044199,
a6dc5562d850c72b,https://sb.linkedin.com/jobs/view/australia-skills-awards-support-lead-australia-solomon-islands-program-support-facility-at-dt-global-4439983891,"Australia Skills Awards Support Lead, Australia Solomon Islands Program Support Facility",DT Global,posted,2026-07-15T12:55:44.647597,42
b5d5a6960d813160,https://sb.linkedin.com/jobs/view/cara-project-manager-at-world-vision-4440936535,CARA Project Manager,,scraped,2026-07-15T18:00:18.716169,
cc92fb700e849148,https://sb.linkedin.com/jobs/view/expressions-of-interest-%E2%80%93-education-experts-pacific-region-at-edt-4441452981,Expressions of Interest – Education Experts - Pacific Region,,scraped,2026-07-16T13:07:59.726878,
03b4b653ed936ca8,https://sb.linkedin.com/jobs/view/senior-program-manager-for-tertiary-education-at-dt-global-4440668336,Senior Program Manager for Tertiary Education,DT Global,posted,2026-07-16T13:08:24.881670,44
95fb364bb9517f94,https://sb.linkedin.com/jobs/view/senior-project-associate-solomon-islands-nationals-only-at-iom-un-migration-4441444142,Senior Project Associate (Solomon Islands Nationals Only),IOM - UN Migration,posted,2026-07-18T05:54:39.676491,46
c8a42ed88891d289,https://sb.linkedin.com/jobs/view/jr-counsellor-at-seed-global-education-4442738285,Jr. Counsellor,,scraped,2026-07-20T17:11:10.666791,
609d17ce0e34110e,https://sb.linkedin.com/jobs/view/program-quality-risk-strategy-director-at-world-vision-4443331189,"Program Quality, Risk Strategy Director",,scraped,2026-07-21T07:46:32.953358,
c2dab84862a05be8,https://sb.linkedin.com/jobs/view/project-manager-at-world-vision-4443462119,Project Manager,,scraped,2026-07-23T07:44:32.943814,
345f758bf34cd464,https://sb.linkedin.com/jobs/view/teller-solomon-islands-at-anz-4444788719,Teller - Solomon Islands,,scraped,2026-07-24T09:11:58.535349,
304044f65649aa3a,https://sb.linkedin.com/jobs/view/program-manager-security-studies-locally-engaged-staff-at-dt-global-4444322315,Program Manager - Security Studies (Locally Engaged Staff,DT Global,failed|wp_post_failed,2026-07-24T09:12:11.272854,
bf8a7474be239f31,https://sb.linkedin.com/jobs/view/community-development-facilitator-1-at-world-vision-4444044686,Community Development Facilitator-1,,scraped,2026-07-24T09:12:14.038355,
dbe871bddabdc982,https://sb.linkedin.com/jobs/view/gedsi-coordinator-at-save-the-children-australia-4444812734,GEDSI Coordinator,,scraped,2026-07-26T07:51:30.142746,
ba95ec8eec54a805,https://sb.linkedin.com/jobs/view/sales-and-marketing-specialist-at-tomoko-4444834184,Sales And Marketing Specialist,,scraped,2026-07-26T11:48:56.713220,
a32320f9ced42043,https://sb.linkedin.com/jobs/view/ict-manager-at-world-vision-4445485249,ICT Manager,,scraped,2026-07-28T07:54:55.911758,
1b6b8686511edece,https://sb.linkedin.com/jobs/view/solid-waste-management-landfill-specialist-at-smec-an-sj-group-company-4446177342,Solid Waste Management/ Landfill Specialist,SMEC (an SJ Group company),posted,2026-07-28T07:55:21.863232,48
8eadfc17e9627328,https://sb.linkedin.com/jobs/view/communications-advocacy-manager-at-world-vision-4445480290,Communications & Advocacy Manager,,scraped,2026-07-28T07:55:24.493992,
ec78cb54396344f3,https://sb.linkedin.com/jobs/view/solid-waste-management-recycling-specialist-at-smec-an-sj-group-company-4446530660,Solid Waste Management Recycling Specialist,SMEC (an SJ Group company),posted,2026-07-29T08:07:39.634925,50
69baf3fbde89062d,https://sb.linkedin.com/jobs/view/project-coordinator-at-world-vision-4446735058,Project Coordinator,,scraped,2026-07-30T07:44:29.423139,
caa2087cd8533525,https://sb.linkedin.com/jobs/view/resort-manager-coral-sea-resort-casino-honiara-solomon-islands-4447495818,"Resort Manager Coral Sea Resort & Casino | Honiara, Solomon Islands",Coral Sea Resort & Casino,posted,2026-08-01T20:13:43.720018,52
fb1f41df0e2ce1a5,https://sb.linkedin.com/jobs/view/disaster-ready-project-support-officer-at-plan-international-nepal-4447626298,Disaster READY Project Support Officer,,scraped,2026-08-02T07:40:23.283807,
40c4f16de5934096,https://sb.linkedin.com/jobs/view/infrastructure-project-management-specialist-long-term-personnel-solomon-islands-australia-education-partnership-at-dt-global-4447916033,"Infrastructure Project Management Specialist (Long Term Personnel), Solomon Islands Australia Education Partnership",DT Global,posted,2026-08-03T11:20:22.968481,54
16fa10f41193b1e5,https://sb.linkedin.com/jobs/view/finance-coordinator-2-at-world-vision-4449449340,Finance Coordinator-2,,scraped,2026-08-05T10:32:15.666005,
233c18ce1deba765,https://sb.linkedin.com/jobs/view/finance-coordinator-1-at-world-vision-4449993954,Finance Coordinator-1,,scraped,2026-08-06T10:36:08.997796,
841ec0fd8266efd8,https://sb.linkedin.com/jobs/view/human-resources-manager-at-dt-global-4448757171,Human Resources Manager,DT Global,posted,2026-08-07T08:56:43.021751,56
377aef8fcbb4f1b3,https://sb.linkedin.com/jobs/view/site-manager-at-cc-pines-pty-ltd-4450096918,Site Manager,,scraped,2026-08-07T12:57:14.839684,
c31aecb627b31d1a,https://sb.linkedin.com/jobs/view/human-resources-manager-locally-engaged-personnel-at-dt-global-4448757171,Human Resources Manager- Locally Engaged Personnel,DT Global,posted,2026-08-10T03:51:58.045550,58
92afda3f29d21293,https://sb.linkedin.com/jobs/view/automotive-technician-at-capitol-kia-at-del-grande-dealer-group-4451076006,Automotive Technician at Capitol Kia,Del Grande Dealer Group,posted,2026-08-10T22:34:45.944442,60
2b89dd122c9baafa,https://sb.linkedin.com/jobs/view/freelance-at-firstsource-4452392038,Freelance,,scraped,2026-08-12T10:58:55.901929,
dc43777112729fe1,https://sb.linkedin.com/jobs/view/project-coordinator-open-to-internal-and-external-applicants-at-undp-careers-4454020764,Project Coordinator [Open to internal and external applicants],UNDP Careers,posted,2026-08-13T14:55:01.429114,62
fff3e61032c74ced,https://sb.linkedin.com/jobs/view/project-manager-%E2%80%93-enterprise-resource-planning-erp-system-at-dt-global-4453291609,Project Manager – Enterprise Resource Planning (ERP) System,DT Global,posted,2026-08-14T04:06:20.600820,64
9576430d934a5791,https://sb.linkedin.com/jobs/view/technical-officer-expanded-programme-in-immunization-at-world-health-organization-4455215409,Technical Officer (Expanded Programme in Immunization),,scraped,2026-08-17T01:05:28.827263,
64c3a3f5c4a494dc,https://sb.linkedin.com/jobs/view/ports-and-shipping-specialist-at-ntu-international-a-s-4455574859,Ports and Shipping Specialist,,scraped,2026-08-18T08:33:22.340663,
8247af8e17ff9de3,https://sb.linkedin.com/jobs/view/ports-and-shipping-specialist-at-ntu-international-a-s-4455586689,Ports and Shipping Specialist,,scraped,2026-08-18T08:33:33.182709,
c69a727ce4d85eda,https://sb.linkedin.com/jobs/view/admin-hr-support-at-bat-4454908525,Admin & HR Support,,scraped,2026-08-18T20:19:59.928887,
10d83d3b379cdb02,https://sb.linkedin.com/jobs/view/railways-specialist-at-ntu-international-a-s-4457088903,Railways Specialist,,scraped,2026-08-21T10:27:03.975147,
2033040721c151d5,https://sb.linkedin.com/jobs/view/aviation-specialist-at-ntu-international-a-s-4458771548,Aviation Specialist,,scraped,2026-08-25T16:33:36.719030,
76bdceb788297912,https://sb.linkedin.com/jobs/view/real-estate-sales-executive-at-keystone-real-estate-advisory-4457746283,Real Estate Sales Executive,,scraped,2026-08-27T07:13:50.677254,
c91ecc1497f5d516,https://sb.linkedin.com/jobs/view/mel-consultant-at-australian-volunteers-international-4458340582,MEL Consultant,Australian Volunteers International,posted,2026-08-27T07:14:22.248428,66
0fac7bd8358894a4,https://sb.linkedin.com/jobs/view/resident-engineer-at-egis-4459801356,Resident Engineer,,scraped,2026-08-27T18:49:16.056681,
dabc7c95353fa1d1,https://sb.linkedin.com/jobs/view/resident-engineer-at-egis-4459685615,Resident Engineer,,scraped,2026-08-27T18:49:27.815393,
96be55cbce134ab5,https://sb.linkedin.com/jobs/view/transport-experts-at-ntu-international-a-s-4461078032,Transport Experts,,scraped,2026-08-31T10:30:07.832786,
5893993789554c75,https://sb.linkedin.com/jobs/view/operations-program-coordinator-at-the-nature-conservancy-4460285972,Operations Program Coordinator,The Nature Conservancy,posted,2026-09-01T14:30:34.309592,68
b9494ef1c6663345,https://sb.linkedin.com/jobs/view/global-information-management-officer-at-the-halo-trust-4461717727,Global Information Management Officer,,scraped,2026-09-01T14:30:40.821588,
115f5e0230d97778,https://sb.linkedin.com/jobs/view/associate-monitoring-and-evaluation-officer-p-at-iom-un-migration-4463321344,Associate Monitoring and Evaluation Officer (P),IOM - UN Migration,posted,2026-09-04T08:28:06.211457,70
ede6c64f641c94c8,https://sb.linkedin.com/jobs/view/partnerships-and-resource-development-director-at-world-vision-4463326050,Partnerships and Resource Development Director,,scraped,2026-09-04T08:28:16.772958,
b190aa125b8e2480,https://sb.linkedin.com/jobs/view/partnerships-and-resource-development-director-at-world-vision-4461964606,Partnerships and Resource Development Director,,scraped,2026-09-04T13:59:38.046031,
7641b71537dbc50a,https://sb.linkedin.com/jobs/view/volunteer-show-host-at-black-mental-health-matters-inc-4460951607,Volunteer Show Host,Black Mental Health Matters Inc,posted,2026-09-05T13:15:08.701536,72
